Source1,Source2,Weight
fri_1_광마회귀.jpg,fri_7_재혼 황후.jpg,10
fri_1_광마회귀.jpg,sat_15_세레나.jpg,10
fri_2_역대급 영지 설계사.jpg,fri_6_상남자.jpg,10
fri_2_역대급 영지 설계사.jpg,mon_13_회귀한 공작가의 막내도련님은 암살자.jpg,10
fri_2_역대급 영지 설계사.jpg,mon_15_천재 타자가 강속구를 숨김.jpg,10
fri_2_역대급 영지 설계사.jpg,sat_10_오늘만 사는 기사.jpg,10
fri_2_역대급 영지 설계사.jpg,sat_14_시한복권.jpg,10
fri_2_역대급 영지 설계사.jpg,sun_15_2회차 환관이 남성을 되찾음.jpg,10
fri_2_역대급 영지 설계사.jpg,thu_12_게임 속 바바리안으로 살아남기.jpg,10
fri_2_역대급 영지 설계사.jpg,wed_1_전지적 독자 시점.jpg,10
fri_3_외모지상주의.jpg,sun_14_태존비록.jpg,10
fri_3_외모지상주의.jpg,wed_8_썰관계주의.jpg,10
fri_3_외모지상주의.jpg,wed_13_천마는 조용히 살고싶다.jpg,10
fri_4_나 혼자 만렙 뉴비.jpg,fri_11_천하제일 대사형.jpg,10
fri_4_나 혼자 만렙 뉴비.jpg,mon_5_절대검감.jpg,10
fri_4_나 혼자 만렙 뉴비.jpg,mon_10_귀촌리.jpg,10
fri_4_나 혼자 만렙 뉴비.jpg,sat_5_마도전생기.jpg,10
fri_4_나 혼자 만렙 뉴비.jpg,tue_14_축살.jpg,10
fri_4_나 혼자 만렙 뉴비.jpg,wed_3_강제소집.jpg,10
fri_6_상남자.jpg,mon_13_회귀한 공작가의 막내도련님은 암살자.jpg,10
fri_6_상남자.jpg,mon_15_천재 타자가 강속구를 숨김.jpg,10
fri_6_상남자.jpg,sat_10_오늘만 사는 기사.jpg,10
fri_6_상남자.jpg,sat_14_시한복권.jpg,10
fri_6_상남자.jpg,sun_15_2회차 환관이 남성을 되찾음.jpg,10
fri_6_상남자.jpg,thu_12_게임 속 바바리안으로 살아남기.jpg,10
fri_6_상남자.jpg,wed_1_전지적 독자 시점.jpg,10
fri_7_재혼 황후.jpg,sat_15_세레나.jpg,10
fri_10_아카데미에서 살아남기.jpg,tue_1_괴력 난신.jpg,10
fri_11_천하제일 대사형.jpg,mon_5_절대검감.jpg,10
fri_11_천하제일 대사형.jpg,mon_10_귀촌리.jpg,10
fri_11_천하제일 대사형.jpg,sat_5_마도전생기.jpg,10
fri_11_천하제일 대사형.jpg,tue_14_축살.jpg,10
fri_11_천하제일 대사형.jpg,wed_3_강제소집.jpg,10
fri_12_A.I. 닥터.jpg,thu_9_할배무사와 지존 손녀.jpg,10
fri_13_퇴마록 : 세계편.jpg,tue_15_44교시 생존수업.jpg,10
fri_15_돈구멍.jpg,sun_11_소년교도소.jpg,10
fri_15_돈구멍.jpg,wed_2_종말이 찾아왔다.jpg,10
mon_1_만남어플 중독.jpg,tue_8_이섭의 연애.jpg,10
mon_2_참교육.jpg,sun_12_고대동물기.jpg,10
mon_5_절대검감.jpg,mon_10_귀촌리.jpg,10
mon_5_절대검감.jpg,sat_5_마도전생기.jpg,10
mon_5_절대검감.jpg,tue_14_축살.jpg,10
mon_5_절대검감.jpg,wed_3_강제소집.jpg,10
mon_7_백수세끼.jpg,mon_8_마음의소리였던 것.jpg,10
mon_7_백수세끼.jpg,mon_9_소녀의 세계.jpg,10
mon_7_백수세끼.jpg,tue_2_김부장.jpg,10
mon_8_마음의소리였던 것.jpg,mon_9_소녀의 세계.jpg,10
mon_8_마음의소리였던 것.jpg,tue_2_김부장.jpg,10
mon_9_소녀의 세계.jpg,tue_2_김부장.jpg,10
mon_10_귀촌리.jpg,sat_5_마도전생기.jpg,10
mon_10_귀촌리.jpg,tue_14_축살.jpg,10
mon_10_귀촌리.jpg,wed_3_강제소집.jpg,10
mon_13_회귀한 공작가의 막내도련님은 암살자.jpg,mon_15_천재 타자가 강속구를 숨김.jpg,10
mon_13_회귀한 공작가의 막내도련님은 암살자.jpg,sat_10_오늘만 사는 기사.jpg,10
mon_13_회귀한 공작가의 막내도련님은 암살자.jpg,sat_14_시한복권.jpg,10
mon_13_회귀한 공작가의 막내도련님은 암살자.jpg,sun_15_2회차 환관이 남성을 되찾음.jpg,10
mon_13_회귀한 공작가의 막내도련님은 암살자.jpg,thu_12_게임 속 바바리안으로 살아남기.jpg,10
mon_13_회귀한 공작가의 막내도련님은 암살자.jpg,wed_1_전지적 독자 시점.jpg,10
mon_14_버림받은 왕녀의 은밀한 침실.jpg,sun_10_문스트럭.jpg,10
mon_14_버림받은 왕녀의 은밀한 침실.jpg,wed_7_쌉초의 난.jpg,10
mon_15_천재 타자가 강속구를 숨김.jpg,sat_10_오늘만 사는 기사.jpg,10
mon_15_천재 타자가 강속구를 숨김.jpg,sat_14_시한복권.jpg,10
mon_15_천재 타자가 강속구를 숨김.jpg,sun_15_2회차 환관이 남성을 되찾음.jpg,10
mon_15_천재 타자가 강속구를 숨김.jpg,thu_12_게임 속 바바리안으로 살아남기.jpg,10
mon_15_천재 타자가 강속구를 숨김.jpg,wed_1_전지적 독자 시점.jpg,10
sat_2_개꿈.jpg,sat_3_초인의 시대.jpg,10
sat_2_개꿈.jpg,thu_2_육아일기.jpg,10
sat_2_개꿈.jpg,thu_4_마흔 즈음에.jpg,10
sat_2_개꿈.jpg,thu_5_별 거 아니겠지.jpg,10
sat_2_개꿈.jpg,tue_4_우렉 마지노.jpg,10
sat_3_초인의 시대.jpg,thu_2_육아일기.jpg,10
sat_3_초인의 시대.jpg,thu_4_마흔 즈음에.jpg,10
sat_3_초인의 시대.jpg,thu_5_별 거 아니겠지.jpg,10
sat_3_초인의 시대.jpg,tue_4_우렉 마지노.jpg,10
sat_4_시든 꽃에 눈물을.jpg,wed_10_사천당가의 검신급 소가주가 되었다.jpg,10
sat_5_마도전생기.jpg,tue_14_축살.jpg,10
sat_5_마도전생기.jpg,wed_3_강제소집.jpg,10
sat_10_오늘만 사는 기사.jpg,sat_14_시한복권.jpg,10
sat_10_오늘만 사는 기사.jpg,sun_15_2회차 환관이 남성을 되찾음.jpg,10
sat_10_오늘만 사는 기사.jpg,thu_12_게임 속 바바리안으로 살아남기.jpg,10
sat_10_오늘만 사는 기사.jpg,wed_1_전지적 독자 시점.jpg,10
sat_14_시한복권.jpg,sun_15_2회차 환관이 남성을 되찾음.jpg,10
sat_14_시한복권.jpg,thu_12_게임 속 바바리안으로 살아남기.jpg,10
sat_14_시한복권.jpg,wed_1_전지적 독자 시점.jpg,10
sun_2_입학용병.jpg,thu_3_나노마신.jpg,10
sun_2_입학용병.jpg,tue_3_절대회귀.jpg,10
sun_2_입학용병.jpg,tue_5_서울 자가에 대기업 다니는 김 부장 이야기.jpg,10
sun_2_입학용병.jpg,wed_14_성스러운 작가생활.jpg,10
sun_3_기기괴괴2.jpg,sun_6_일타강사 백사부.jpg,10
sun_4_천화서고 대공자.jpg,thu_6_재벌집 막내아들.jpg,10
sun_8_권왕환생.jpg,tue_9_레벨999 고블린.jpg,10
sun_8_권왕환생.jpg,wed_9_일렉시드.jpg,10
sun_9_판사 이한영.jpg,thu_14_구세라.jpg,10
sun_9_판사 이한영.jpg,thu_15_마도귀환록.jpg,10
sun_10_문스트럭.jpg,wed_7_쌉초의 난.jpg,10
sun_11_소년교도소.jpg,wed_2_종말이 찾아왔다.jpg,10
sun_13_아카데미의 천재칼잡이.jpg,wed_4_운명을 보는 회사원.jpg,10
sun_14_태존비록.jpg,wed_8_썰관계주의.jpg,10
sun_14_태존비록.jpg,wed_13_천마는 조용히 살고싶다.jpg,10
sun_15_2회차 환관이 남성을 되찾음.jpg,thu_12_게임 속 바바리안으로 살아남기.jpg,10
sun_15_2회차 환관이 남성을 되찾음.jpg,wed_1_전지적 독자 시점.jpg,10
thu_2_육아일기.jpg,thu_4_마흔 즈음에.jpg,10
thu_2_육아일기.jpg,thu_5_별 거 아니겠지.jpg,10
thu_2_육아일기.jpg,tue_4_우렉 마지노.jpg,10
thu_3_나노마신.jpg,tue_3_절대회귀.jpg,10
thu_3_나노마신.jpg,tue_5_서울 자가에 대기업 다니는 김 부장 이야기.jpg,10
thu_3_나노마신.jpg,wed_14_성스러운 작가생활.jpg,10
thu_4_마흔 즈음에.jpg,thu_5_별 거 아니겠지.jpg,10
thu_4_마흔 즈음에.jpg,tue_4_우렉 마지노.jpg,10
thu_5_별 거 아니겠지.jpg,tue_4_우렉 마지노.jpg,10
thu_12_게임 속 바바리안으로 살아남기.jpg,wed_1_전지적 독자 시점.jpg,10
thu_14_구세라.jpg,thu_15_마도귀환록.jpg,10
tue_3_절대회귀.jpg,tue_5_서울 자가에 대기업 다니는 김 부장 이야기.jpg,10
tue_3_절대회귀.jpg,wed_14_성스러운 작가생활.jpg,10
tue_5_서울 자가에 대기업 다니는 김 부장 이야기.jpg,wed_14_성스러운 작가생활.jpg,10
tue_7_신입사원 김철수.jpg,tue_10_마음의소리2.jpg,10
tue_9_레벨999 고블린.jpg,wed_9_일렉시드.jpg,10
tue_12_사신소년.jpg,wed_6_별을 품은 소드마스터.jpg,10
tue_14_축살.jpg,wed_3_강제소집.jpg,10
wed_8_썰관계주의.jpg,wed_13_천마는 조용히 살고싶다.jpg,10
fri_1_광마회귀.jpg,sun_7_속아주고싶어.jpg,8.235294118
fri_7_재혼 황후.jpg,sun_7_속아주고싶어.jpg,8.235294118
mon_3_환생천마.jpg,mon_11_시한부 천재가 살아남는 법.jpg,8.235294118
mon_11_시한부 천재가 살아남는 법.jpg,sun_9_판사 이한영.jpg,8.235294118
mon_11_시한부 천재가 살아남는 법.jpg,thu_14_구세라.jpg,8.235294118
mon_11_시한부 천재가 살아남는 법.jpg,thu_15_마도귀환록.jpg,8.235294118
sat_9_킬러 배드로.jpg,sun_13_아카데미의 천재칼잡이.jpg,8.235294118
sat_9_킬러 배드로.jpg,wed_4_운명을 보는 회사원.jpg,8.235294118
sat_15_세레나.jpg,sun_7_속아주고싶어.jpg,8.235294118
fri_15_돈구멍.jpg,sun_5_개짓.jpg,7.894736842
sun_5_개짓.jpg,sun_11_소년교도소.jpg,7.894736842
sun_5_개짓.jpg,wed_2_종말이 찾아왔다.jpg,7.894736842
fri_1_광마회귀.jpg,thu_11_풍작이에요 마왕님.jpg,7.777777778
fri_7_재혼 황후.jpg,thu_11_풍작이에요 마왕님.jpg,7.777777778
fri_8_로맨스 저주.jpg,sun_9_판사 이한영.jpg,7.777777778
fri_8_로맨스 저주.jpg,thu_14_구세라.jpg,7.777777778
fri_8_로맨스 저주.jpg,thu_15_마도귀환록.jpg,7.777777778
fri_10_아카데미에서 살아남기.jpg,sat_13_아홉수 우리들.jpg,7.777777778
mon_12_십이지소녀.jpg,sat_9_킬러 배드로.jpg,7.777777778
sat_9_킬러 배드로.jpg,thu_11_풍작이에요 마왕님.jpg,7.777777778
sat_13_아홉수 우리들.jpg,tue_1_괴력 난신.jpg,7.777777778
sat_15_세레나.jpg,thu_11_풍작이에요 마왕님.jpg,7.777777778
sun_9_판사 이한영.jpg,thu_11_풍작이에요 마왕님.jpg,7.777777778
thu_11_풍작이에요 마왕님.jpg,thu_14_구세라.jpg,7.777777778
thu_11_풍작이에요 마왕님.jpg,thu_15_마도귀환록.jpg,7.777777778
thu_11_풍작이에요 마왕님.jpg,wed_12_백XX.jpg,7.777777778
fri_2_역대급 영지 설계사.jpg,sat_4_시든 꽃에 눈물을.jpg,7.692307692
fri_2_역대급 영지 설계사.jpg,wed_10_사천당가의 검신급 소가주가 되었다.jpg,7.692307692
fri_3_외모지상주의.jpg,sun_2_입학용병.jpg,7.692307692
fri_3_외모지상주의.jpg,thu_3_나노마신.jpg,7.692307692
fri_3_외모지상주의.jpg,tue_3_절대회귀.jpg,7.692307692
fri_3_외모지상주의.jpg,tue_5_서울 자가에 대기업 다니는 김 부장 이야기.jpg,7.692307692
fri_3_외모지상주의.jpg,wed_14_성스러운 작가생활.jpg,7.692307692
fri_6_상남자.jpg,sat_4_시든 꽃에 눈물을.jpg,7.692307692
fri_6_상남자.jpg,wed_10_사천당가의 검신급 소가주가 되었다.jpg,7.692307692
mon_13_회귀한 공작가의 막내도련님은 암살자.jpg,sat_4_시든 꽃에 눈물을.jpg,7.692307692
mon_13_회귀한 공작가의 막내도련님은 암살자.jpg,wed_10_사천당가의 검신급 소가주가 되었다.jpg,7.692307692
mon_15_천재 타자가 강속구를 숨김.jpg,sat_4_시든 꽃에 눈물을.jpg,7.692307692
mon_15_천재 타자가 강속구를 숨김.jpg,wed_10_사천당가의 검신급 소가주가 되었다.jpg,7.692307692
sat_4_시든 꽃에 눈물을.jpg,sat_10_오늘만 사는 기사.jpg,7.692307692
sat_4_시든 꽃에 눈물을.jpg,sat_14_시한복권.jpg,7.692307692
sat_4_시든 꽃에 눈물을.jpg,sun_15_2회차 환관이 남성을 되찾음.jpg,7.692307692
sat_4_시든 꽃에 눈물을.jpg,thu_12_게임 속 바바리안으로 살아남기.jpg,7.692307692
sat_4_시든 꽃에 눈물을.jpg,wed_1_전지적 독자 시점.jpg,7.692307692
sat_10_오늘만 사는 기사.jpg,wed_10_사천당가의 검신급 소가주가 되었다.jpg,7.692307692
sat_14_시한복권.jpg,wed_10_사천당가의 검신급 소가주가 되었다.jpg,7.692307692
sun_2_입학용병.jpg,sun_14_태존비록.jpg,7.692307692
sun_2_입학용병.jpg,wed_8_썰관계주의.jpg,7.692307692
sun_2_입학용병.jpg,wed_13_천마는 조용히 살고싶다.jpg,7.692307692
sun_8_권왕환생.jpg,tue_12_사신소년.jpg,7.692307692
sun_8_권왕환생.jpg,wed_6_별을 품은 소드마스터.jpg,7.692307692
sun_14_태존비록.jpg,thu_3_나노마신.jpg,7.692307692
sun_14_태존비록.jpg,tue_3_절대회귀.jpg,7.692307692
sun_14_태존비록.jpg,tue_5_서울 자가에 대기업 다니는 김 부장 이야기.jpg,7.692307692
sun_14_태존비록.jpg,wed_14_성스러운 작가생활.jpg,7.692307692
sun_15_2회차 환관이 남성을 되찾음.jpg,wed_10_사천당가의 검신급 소가주가 되었다.jpg,7.692307692
thu_3_나노마신.jpg,wed_8_썰관계주의.jpg,7.692307692
thu_3_나노마신.jpg,wed_13_천마는 조용히 살고싶다.jpg,7.692307692
thu_12_게임 속 바바리안으로 살아남기.jpg,wed_10_사천당가의 검신급 소가주가 되었다.jpg,7.692307692
tue_3_절대회귀.jpg,wed_8_썰관계주의.jpg,7.692307692
tue_3_절대회귀.jpg,wed_13_천마는 조용히 살고싶다.jpg,7.692307692
tue_5_서울 자가에 대기업 다니는 김 부장 이야기.jpg,wed_8_썰관계주의.jpg,7.692307692
tue_5_서울 자가에 대기업 다니는 김 부장 이야기.jpg,wed_13_천마는 조용히 살고싶다.jpg,7.692307692
tue_9_레벨999 고블린.jpg,tue_12_사신소년.jpg,7.692307692
tue_9_레벨999 고블린.jpg,wed_6_별을 품은 소드마스터.jpg,7.692307692
tue_12_사신소년.jpg,wed_9_일렉시드.jpg,7.692307692
wed_1_전지적 독자 시점.jpg,wed_10_사천당가의 검신급 소가주가 되었다.jpg,7.692307692
wed_6_별을 품은 소드마스터.jpg,wed_9_일렉시드.jpg,7.692307692
wed_8_썰관계주의.jpg,wed_14_성스러운 작가생활.jpg,7.692307692
wed_13_천마는 조용히 살고싶다.jpg,wed_14_성스러운 작가생활.jpg,7.692307692
fri_3_외모지상주의.jpg,mon_11_시한부 천재가 살아남는 법.jpg,7.647058824
fri_3_외모지상주의.jpg,sun_7_속아주고싶어.jpg,7.647058824
fri_12_A.I. 닥터.jpg,sun_7_속아주고싶어.jpg,7.647058824
mon_11_시한부 천재가 살아남는 법.jpg,sun_14_태존비록.jpg,7.647058824
mon_11_시한부 천재가 살아남는 법.jpg,wed_8_썰관계주의.jpg,7.647058824
mon_11_시한부 천재가 살아남는 법.jpg,wed_13_천마는 조용히 살고싶다.jpg,7.647058824
sun_7_속아주고싶어.jpg,sun_8_권왕환생.jpg,7.647058824
sun_7_속아주고싶어.jpg,sun_14_태존비록.jpg,7.647058824
sun_7_속아주고싶어.jpg,thu_9_할배무사와 지존 손녀.jpg,7.647058824
sun_7_속아주고싶어.jpg,tue_9_레벨999 고블린.jpg,7.647058824
sun_7_속아주고싶어.jpg,wed_8_썰관계주의.jpg,7.647058824
sun_7_속아주고싶어.jpg,wed_9_일렉시드.jpg,7.647058824
sun_7_속아주고싶어.jpg,wed_13_천마는 조용히 살고싶다.jpg,7.647058824
sun_8_권왕환생.jpg,sun_13_아카데미의 천재칼잡이.jpg,7.647058824
sun_8_권왕환생.jpg,wed_4_운명을 보는 회사원.jpg,7.647058824
sun_13_아카데미의 천재칼잡이.jpg,tue_9_레벨999 고블린.jpg,7.647058824
sun_13_아카데미의 천재칼잡이.jpg,wed_9_일렉시드.jpg,7.647058824
tue_9_레벨999 고블린.jpg,wed_4_운명을 보는 회사원.jpg,7.647058824
wed_4_운명을 보는 회사원.jpg,wed_9_일렉시드.jpg,7.647058824
mon_1_만남어플 중독.jpg,sat_6_절대군림.jpg,7.5
mon_1_만남어플 중독.jpg,sun_4_천화서고 대공자.jpg,7.5
mon_1_만남어플 중독.jpg,thu_6_재벌집 막내아들.jpg,7.5
mon_12_십이지소녀.jpg,sun_13_아카데미의 천재칼잡이.jpg,7.5
mon_12_십이지소녀.jpg,wed_4_운명을 보는 회사원.jpg,7.5
sat_6_절대군림.jpg,tue_8_이섭의 연애.jpg,7.5
sat_7_아수라.jpg,wed_15_조조코믹스.jpg,7.5
sun_4_천화서고 대공자.jpg,tue_8_이섭의 연애.jpg,7.5
thu_6_재벌집 막내아들.jpg,tue_8_이섭의 연애.jpg,7.5
sun_5_개짓.jpg,sun_9_판사 이한영.jpg,7.368421053
sun_5_개짓.jpg,thu_14_구세라.jpg,7.368421053
sun_5_개짓.jpg,thu_15_마도귀환록.jpg,7.368421053
fri_3_외모지상주의.jpg,fri_9_재입대만 7번째.jpg,7.222222222
fri_9_재입대만 7번째.jpg,fri_14_1초.jpg,7.222222222
fri_9_재입대만 7번째.jpg,sun_14_태존비록.jpg,7.222222222
fri_9_재입대만 7번째.jpg,wed_8_썰관계주의.jpg,7.222222222
fri_9_재입대만 7번째.jpg,wed_13_천마는 조용히 살고싶다.jpg,7.222222222
fri_1_광마회귀.jpg,sun_2_입학용병.jpg,7.142857143
fri_1_광마회귀.jpg,thu_3_나노마신.jpg,7.142857143
fri_1_광마회귀.jpg,tue_3_절대회귀.jpg,7.142857143
fri_1_광마회귀.jpg,tue_5_서울 자가에 대기업 다니는 김 부장 이야기.jpg,7.142857143
fri_1_광마회귀.jpg,tue_12_사신소년.jpg,7.142857143
fri_1_광마회귀.jpg,wed_6_별을 품은 소드마스터.jpg,7.142857143
fri_1_광마회귀.jpg,wed_14_성스러운 작가생활.jpg,7.142857143
fri_7_재혼 황후.jpg,sun_2_입학용병.jpg,7.142857143
fri_7_재혼 황후.jpg,thu_3_나노마신.jpg,7.142857143
fri_7_재혼 황후.jpg,tue_3_절대회귀.jpg,7.142857143
fri_7_재혼 황후.jpg,tue_5_서울 자가에 대기업 다니는 김 부장 이야기.jpg,7.142857143
fri_7_재혼 황후.jpg,tue_12_사신소년.jpg,7.142857143
fri_7_재혼 황후.jpg,wed_6_별을 품은 소드마스터.jpg,7.142857143
fri_7_재혼 황후.jpg,wed_14_성스러운 작가생활.jpg,7.142857143
fri_8_로맨스 저주.jpg,fri_9_재입대만 7번째.jpg,7.142857143
fri_10_아카데미에서 살아남기.jpg,tue_7_신입사원 김철수.jpg,7.142857143
fri_10_아카데미에서 살아남기.jpg,tue_10_마음의소리2.jpg,7.142857143
mon_7_백수세끼.jpg,tue_7_신입사원 김철수.jpg,7.142857143
mon_7_백수세끼.jpg,tue_10_마음의소리2.jpg,7.142857143
mon_8_마음의소리였던 것.jpg,tue_7_신입사원 김철수.jpg,7.142857143
mon_8_마음의소리였던 것.jpg,tue_10_마음의소리2.jpg,7.142857143
mon_9_소녀의 세계.jpg,tue_7_신입사원 김철수.jpg,7.142857143
mon_9_소녀의 세계.jpg,tue_10_마음의소리2.jpg,7.142857143
sat_9_킬러 배드로.jpg,tue_12_사신소년.jpg,7.142857143
sat_9_킬러 배드로.jpg,wed_6_별을 품은 소드마스터.jpg,7.142857143
sat_15_세레나.jpg,sun_2_입학용병.jpg,7.142857143
sat_15_세레나.jpg,thu_3_나노마신.jpg,7.142857143
sat_15_세레나.jpg,tue_3_절대회귀.jpg,7.142857143
sat_15_세레나.jpg,tue_5_서울 자가에 대기업 다니는 김 부장 이야기.jpg,7.142857143
sat_15_세레나.jpg,tue_12_사신소년.jpg,7.142857143
sat_15_세레나.jpg,wed_6_별을 품은 소드마스터.jpg,7.142857143
sat_15_세레나.jpg,wed_14_성스러운 작가생활.jpg,7.142857143
sun_2_입학용병.jpg,sun_9_판사 이한영.jpg,7.142857143
sun_2_입학용병.jpg,thu_14_구세라.jpg,7.142857143
sun_2_입학용병.jpg,thu_15_마도귀환록.jpg,7.142857143
sun_9_판사 이한영.jpg,thu_3_나노마신.jpg,7.142857143
sun_9_판사 이한영.jpg,tue_3_절대회귀.jpg,7.142857143
sun_9_판사 이한영.jpg,tue_5_서울 자가에 대기업 다니는 김 부장 이야기.jpg,7.142857143
sun_9_판사 이한영.jpg,wed_14_성스러운 작가생활.jpg,7.142857143
thu_3_나노마신.jpg,thu_14_구세라.jpg,7.142857143
thu_3_나노마신.jpg,thu_15_마도귀환록.jpg,7.142857143
thu_14_구세라.jpg,tue_3_절대회귀.jpg,7.142857143
thu_14_구세라.jpg,tue_5_서울 자가에 대기업 다니는 김 부장 이야기.jpg,7.142857143
thu_14_구세라.jpg,wed_14_성스러운 작가생활.jpg,7.142857143
thu_15_마도귀환록.jpg,tue_3_절대회귀.jpg,7.142857143
thu_15_마도귀환록.jpg,tue_5_서울 자가에 대기업 다니는 김 부장 이야기.jpg,7.142857143
thu_15_마도귀환록.jpg,wed_14_성스러운 작가생활.jpg,7.142857143
tue_1_괴력 난신.jpg,tue_7_신입사원 김철수.jpg,7.142857143
tue_1_괴력 난신.jpg,tue_10_마음의소리2.jpg,7.142857143
tue_2_김부장.jpg,tue_7_신입사원 김철수.jpg,7.142857143
tue_2_김부장.jpg,tue_10_마음의소리2.jpg,7.142857143
mon_1_만남어플 중독.jpg,mon_11_시한부 천재가 살아남는 법.jpg,7.058823529
mon_1_만남어플 중독.jpg,sun_13_아카데미의 천재칼잡이.jpg,7.058823529
mon_1_만남어플 중독.jpg,wed_4_운명을 보는 회사원.jpg,7.058823529
mon_11_시한부 천재가 살아남는 법.jpg,tue_8_이섭의 연애.jpg,7.058823529
sun_13_아카데미의 천재칼잡이.jpg,tue_8_이섭의 연애.jpg,7.058823529
tue_8_이섭의 연애.jpg,wed_4_운명을 보는 회사원.jpg,7.058823529
sat_13_아홉수 우리들.jpg,thu_8_송이연 50살 이혼 한 달 차.jpg,7
fri_3_외모지상주의.jpg,sat_2_개꿈.jpg,6.923076923
fri_3_외모지상주의.jpg,sat_3_초인의 시대.jpg,6.923076923
fri_3_외모지상주의.jpg,thu_2_육아일기.jpg,6.923076923
fri_3_외모지상주의.jpg,thu_4_마흔 즈음에.jpg,6.923076923
fri_3_외모지상주의.jpg,thu_5_별 거 아니겠지.jpg,6.923076923
fri_3_외모지상주의.jpg,tue_4_우렉 마지노.jpg,6.923076923
fri_12_A.I. 닥터.jpg,mon_14_버림받은 왕녀의 은밀한 침실.jpg,6.923076923
fri_12_A.I. 닥터.jpg,sat_2_개꿈.jpg,6.923076923
fri_12_A.I. 닥터.jpg,sat_3_초인의 시대.jpg,6.923076923
fri_12_A.I. 닥터.jpg,sat_7_아수라.jpg,6.923076923
fri_12_A.I. 닥터.jpg,sun_10_문스트럭.jpg,6.923076923
fri_12_A.I. 닥터.jpg,thu_2_육아일기.jpg,6.923076923
fri_12_A.I. 닥터.jpg,thu_4_마흔 즈음에.jpg,6.923076923
fri_12_A.I. 닥터.jpg,thu_5_별 거 아니겠지.jpg,6.923076923
fri_12_A.I. 닥터.jpg,tue_4_우렉 마지노.jpg,6.923076923
fri_12_A.I. 닥터.jpg,wed_7_쌉초의 난.jpg,6.923076923
mon_2_참교육.jpg,sat_4_시든 꽃에 눈물을.jpg,6.923076923
mon_2_참교육.jpg,thu_10_무사만리행.jpg,6.923076923
mon_2_참교육.jpg,wed_10_사천당가의 검신급 소가주가 되었다.jpg,6.923076923
mon_14_버림받은 왕녀의 은밀한 침실.jpg,thu_9_할배무사와 지존 손녀.jpg,6.923076923
sat_2_개꿈.jpg,sun_14_태존비록.jpg,6.923076923
sat_2_개꿈.jpg,thu_9_할배무사와 지존 손녀.jpg,6.923076923
sat_2_개꿈.jpg,wed_8_썰관계주의.jpg,6.923076923
sat_2_개꿈.jpg,wed_13_천마는 조용히 살고싶다.jpg,6.923076923
sat_3_초인의 시대.jpg,sun_14_태존비록.jpg,6.923076923
sat_3_초인의 시대.jpg,thu_9_할배무사와 지존 손녀.jpg,6.923076923
sat_3_초인의 시대.jpg,wed_8_썰관계주의.jpg,6.923076923
sat_3_초인의 시대.jpg,wed_13_천마는 조용히 살고싶다.jpg,6.923076923
sat_4_시든 꽃에 눈물을.jpg,sun_12_고대동물기.jpg,6.923076923
sat_7_아수라.jpg,sun_8_권왕환생.jpg,6.923076923
sat_7_아수라.jpg,thu_9_할배무사와 지존 손녀.jpg,6.923076923
sat_7_아수라.jpg,tue_9_레벨999 고블린.jpg,6.923076923
sat_7_아수라.jpg,wed_9_일렉시드.jpg,6.923076923
sun_10_문스트럭.jpg,thu_9_할배무사와 지존 손녀.jpg,6.923076923
sun_12_고대동물기.jpg,thu_10_무사만리행.jpg,6.923076923
sun_12_고대동물기.jpg,wed_10_사천당가의 검신급 소가주가 되었다.jpg,6.923076923
sun_14_태존비록.jpg,thu_2_육아일기.jpg,6.923076923
sun_14_태존비록.jpg,thu_4_마흔 즈음에.jpg,6.923076923
sun_14_태존비록.jpg,thu_5_별 거 아니겠지.jpg,6.923076923
sun_14_태존비록.jpg,tue_4_우렉 마지노.jpg,6.923076923
thu_2_육아일기.jpg,thu_9_할배무사와 지존 손녀.jpg,6.923076923
thu_2_육아일기.jpg,wed_8_썰관계주의.jpg,6.923076923
thu_2_육아일기.jpg,wed_13_천마는 조용히 살고싶다.jpg,6.923076923
thu_4_마흔 즈음에.jpg,thu_9_할배무사와 지존 손녀.jpg,6.923076923
thu_4_마흔 즈음에.jpg,wed_8_썰관계주의.jpg,6.923076923
thu_4_마흔 즈음에.jpg,wed_13_천마는 조용히 살고싶다.jpg,6.923076923
thu_5_별 거 아니겠지.jpg,thu_9_할배무사와 지존 손녀.jpg,6.923076923
thu_5_별 거 아니겠지.jpg,wed_8_썰관계주의.jpg,6.923076923
thu_5_별 거 아니겠지.jpg,wed_13_천마는 조용히 살고싶다.jpg,6.923076923
thu_9_할배무사와 지존 손녀.jpg,tue_4_우렉 마지노.jpg,6.923076923
thu_9_할배무사와 지존 손녀.jpg,wed_7_쌉초의 난.jpg,6.923076923
tue_4_우렉 마지노.jpg,wed_8_썰관계주의.jpg,6.923076923
tue_4_우렉 마지노.jpg,wed_13_천마는 조용히 살고싶다.jpg,6.923076923
fri_8_로맨스 저주.jpg,sun_5_개짓.jpg,6.818181818
fri_2_역대급 영지 설계사.jpg,fri_15_돈구멍.jpg,6.666666667
fri_2_역대급 영지 설계사.jpg,sun_11_소년교도소.jpg,6.666666667
fri_2_역대급 영지 설계사.jpg,thu_13_작두.jpg,6.666666667
fri_2_역대급 영지 설계사.jpg,wed_2_종말이 찾아왔다.jpg,6.666666667
fri_6_상남자.jpg,fri_15_돈구멍.jpg,6.666666667
fri_6_상남자.jpg,sun_11_소년교도소.jpg,6.666666667
fri_6_상남자.jpg,thu_13_작두.jpg,6.666666667
fri_6_상남자.jpg,wed_2_종말이 찾아왔다.jpg,6.666666667
fri_8_로맨스 저주.jpg,mon_11_시한부 천재가 살아남는 법.jpg,6.666666667
fri_9_재입대만 7번째.jpg,mon_11_시한부 천재가 살아남는 법.jpg,6.666666667
fri_15_돈구멍.jpg,mon_13_회귀한 공작가의 막내도련님은 암살자.jpg,6.666666667
fri_15_돈구멍.jpg,mon_15_천재 타자가 강속구를 숨김.jpg,6.666666667
fri_15_돈구멍.jpg,sat_10_오늘만 사는 기사.jpg,6.666666667
fri_15_돈구멍.jpg,sat_14_시한복권.jpg,6.666666667
fri_15_돈구멍.jpg,sun_2_입학용병.jpg,6.666666667
fri_15_돈구멍.jpg,sun_15_2회차 환관이 남성을 되찾음.jpg,6.666666667
fri_15_돈구멍.jpg,thu_3_나노마신.jpg,6.666666667
fri_15_돈구멍.jpg,thu_12_게임 속 바바리안으로 살아남기.jpg,6.666666667
fri_15_돈구멍.jpg,tue_3_절대회귀.jpg,6.666666667
fri_15_돈구멍.jpg,tue_5_서울 자가에 대기업 다니는 김 부장 이야기.jpg,6.666666667
fri_15_돈구멍.jpg,tue_7_신입사원 김철수.jpg,6.666666667
fri_15_돈구멍.jpg,tue_10_마음의소리2.jpg,6.666666667
fri_15_돈구멍.jpg,wed_1_전지적 독자 시점.jpg,6.666666667
fri_15_돈구멍.jpg,wed_14_성스러운 작가생활.jpg,6.666666667
mon_1_만남어플 중독.jpg,sun_3_기기괴괴2.jpg,6.666666667
mon_1_만남어플 중독.jpg,sun_6_일타강사 백사부.jpg,6.666666667
mon_11_시한부 천재가 살아남는 법.jpg,thu_11_풍작이에요 마왕님.jpg,6.666666667
mon_13_회귀한 공작가의 막내도련님은 암살자.jpg,sun_11_소년교도소.jpg,6.666666667
mon_13_회귀한 공작가의 막내도련님은 암살자.jpg,thu_13_작두.jpg,6.666666667
mon_13_회귀한 공작가의 막내도련님은 암살자.jpg,wed_2_종말이 찾아왔다.jpg,6.666666667
mon_15_천재 타자가 강속구를 숨김.jpg,sun_11_소년교도소.jpg,6.666666667
mon_15_천재 타자가 강속구를 숨김.jpg,thu_13_작두.jpg,6.666666667
mon_15_천재 타자가 강속구를 숨김.jpg,wed_2_종말이 찾아왔다.jpg,6.666666667
sat_10_오늘만 사는 기사.jpg,sun_11_소년교도소.jpg,6.666666667
sat_10_오늘만 사는 기사.jpg,thu_13_작두.jpg,6.666666667
sat_10_오늘만 사는 기사.jpg,wed_2_종말이 찾아왔다.jpg,6.666666667
sat_14_시한복권.jpg,sun_11_소년교도소.jpg,6.666666667
sat_14_시한복권.jpg,thu_13_작두.jpg,6.666666667
sat_14_시한복권.jpg,wed_2_종말이 찾아왔다.jpg,6.666666667
sun_2_입학용병.jpg,sun_11_소년교도소.jpg,6.666666667
sun_2_입학용병.jpg,wed_2_종말이 찾아왔다.jpg,6.666666667
sun_3_기기괴괴2.jpg,tue_8_이섭의 연애.jpg,6.666666667
sun_6_일타강사 백사부.jpg,tue_8_이섭의 연애.jpg,6.666666667
sun_7_속아주고싶어.jpg,thu_11_풍작이에요 마왕님.jpg,6.666666667
sun_11_소년교도소.jpg,sun_15_2회차 환관이 남성을 되찾음.jpg,6.666666667
sun_11_소년교도소.jpg,thu_3_나노마신.jpg,6.666666667
sun_11_소년교도소.jpg,thu_12_게임 속 바바리안으로 살아남기.jpg,6.666666667
sun_11_소년교도소.jpg,tue_3_절대회귀.jpg,6.666666667
sun_11_소년교도소.jpg,tue_5_서울 자가에 대기업 다니는 김 부장 이야기.jpg,6.666666667
sun_11_소년교도소.jpg,tue_7_신입사원 김철수.jpg,6.666666667
sun_11_소년교도소.jpg,tue_10_마음의소리2.jpg,6.666666667
sun_11_소년교도소.jpg,wed_1_전지적 독자 시점.jpg,6.666666667
sun_11_소년교도소.jpg,wed_14_성스러운 작가생활.jpg,6.666666667
sun_13_아카데미의 천재칼잡이.jpg,thu_11_풍작이에요 마왕님.jpg,6.666666667
sun_15_2회차 환관이 남성을 되찾음.jpg,thu_13_작두.jpg,6.666666667
sun_15_2회차 환관이 남성을 되찾음.jpg,wed_2_종말이 찾아왔다.jpg,6.666666667
thu_3_나노마신.jpg,wed_2_종말이 찾아왔다.jpg,6.666666667
thu_11_풍작이에요 마왕님.jpg,wed_4_운명을 보는 회사원.jpg,6.666666667
thu_12_게임 속 바바리안으로 살아남기.jpg,thu_13_작두.jpg,6.666666667
thu_12_게임 속 바바리안으로 살아남기.jpg,wed_2_종말이 찾아왔다.jpg,6.666666667
thu_13_작두.jpg,tue_12_사신소년.jpg,6.666666667
thu_13_작두.jpg,wed_1_전지적 독자 시점.jpg,6.666666667
thu_13_작두.jpg,wed_6_별을 품은 소드마스터.jpg,6.666666667
tue_3_절대회귀.jpg,wed_2_종말이 찾아왔다.jpg,6.666666667
tue_5_서울 자가에 대기업 다니는 김 부장 이야기.jpg,wed_2_종말이 찾아왔다.jpg,6.666666667
tue_7_신입사원 김철수.jpg,wed_2_종말이 찾아왔다.jpg,6.666666667
tue_10_마음의소리2.jpg,wed_2_종말이 찾아왔다.jpg,6.666666667
tue_13_멸망 이후의 세계.jpg,wed_15_조조코믹스.jpg,6.666666667
wed_1_전지적 독자 시점.jpg,wed_2_종말이 찾아왔다.jpg,6.666666667
wed_2_종말이 찾아왔다.jpg,wed_14_성스러운 작가생활.jpg,6.666666667
mon_3_환생천마.jpg,sun_9_판사 이한영.jpg,6.470588235
mon_3_환생천마.jpg,thu_14_구세라.jpg,6.470588235
mon_3_환생천마.jpg,thu_15_마도귀환록.jpg,6.470588235
fri_1_광마회귀.jpg,mon_14_버림받은 왕녀의 은밀한 침실.jpg,6.428571429
fri_1_광마회귀.jpg,sun_10_문스트럭.jpg,6.428571429
fri_1_광마회귀.jpg,wed_7_쌉초의 난.jpg,6.428571429
fri_7_재혼 황후.jpg,mon_14_버림받은 왕녀의 은밀한 침실.jpg,6.428571429
fri_7_재혼 황후.jpg,sun_10_문스트럭.jpg,6.428571429
fri_7_재혼 황후.jpg,wed_7_쌉초의 난.jpg,6.428571429
fri_10_아카데미에서 살아남기.jpg,mon_14_버림받은 왕녀의 은밀한 침실.jpg,6.428571429
fri_10_아카데미에서 살아남기.jpg,sun_10_문스트럭.jpg,6.428571429
fri_10_아카데미에서 살아남기.jpg,wed_7_쌉초의 난.jpg,6.428571429
mon_2_참교육.jpg,mon_7_백수세끼.jpg,6.428571429
mon_2_참교육.jpg,mon_8_마음의소리였던 것.jpg,6.428571429
mon_2_참교육.jpg,mon_9_소녀의 세계.jpg,6.428571429
mon_2_참교육.jpg,tue_2_김부장.jpg,6.428571429
mon_2_참교육.jpg,wed_11_캐슬2:만인지상.jpg,6.428571429
mon_3_환생천마.jpg,sat_2_개꿈.jpg,6.428571429
mon_3_환생천마.jpg,sat_3_초인의 시대.jpg,6.428571429
mon_3_환생천마.jpg,sat_6_절대군림.jpg,6.428571429
mon_3_환생천마.jpg,thu_2_육아일기.jpg,6.428571429
mon_3_환생천마.jpg,thu_4_마흔 즈음에.jpg,6.428571429
mon_3_환생천마.jpg,thu_5_별 거 아니겠지.jpg,6.428571429
mon_3_환생천마.jpg,tue_4_우렉 마지노.jpg,6.428571429
mon_6_똑 닮은 딸.jpg,mon_14_버림받은 왕녀의 은밀한 침실.jpg,6.428571429
mon_6_똑 닮은 딸.jpg,sun_10_문스트럭.jpg,6.428571429
mon_6_똑 닮은 딸.jpg,wed_7_쌉초의 난.jpg,6.428571429
mon_7_백수세끼.jpg,sat_2_개꿈.jpg,6.428571429
mon_7_백수세끼.jpg,sat_3_초인의 시대.jpg,6.428571429
mon_7_백수세끼.jpg,sun_12_고대동물기.jpg,6.428571429
mon_7_백수세끼.jpg,thu_2_육아일기.jpg,6.428571429
mon_7_백수세끼.jpg,thu_4_마흔 즈음에.jpg,6.428571429
mon_7_백수세끼.jpg,thu_5_별 거 아니겠지.jpg,6.428571429
mon_7_백수세끼.jpg,tue_4_우렉 마지노.jpg,6.428571429
mon_8_마음의소리였던 것.jpg,sat_2_개꿈.jpg,6.428571429
mon_8_마음의소리였던 것.jpg,sat_3_초인의 시대.jpg,6.428571429
mon_8_마음의소리였던 것.jpg,sun_12_고대동물기.jpg,6.428571429
mon_8_마음의소리였던 것.jpg,thu_2_육아일기.jpg,6.428571429
mon_8_마음의소리였던 것.jpg,thu_4_마흔 즈음에.jpg,6.428571429
mon_8_마음의소리였던 것.jpg,thu_5_별 거 아니겠지.jpg,6.428571429
mon_8_마음의소리였던 것.jpg,tue_4_우렉 마지노.jpg,6.428571429
mon_9_소녀의 세계.jpg,sat_2_개꿈.jpg,6.428571429
mon_9_소녀의 세계.jpg,sat_3_초인의 시대.jpg,6.428571429
mon_9_소녀의 세계.jpg,sun_12_고대동물기.jpg,6.428571429
mon_9_소녀의 세계.jpg,thu_2_육아일기.jpg,6.428571429
mon_9_소녀의 세계.jpg,thu_4_마흔 즈음에.jpg,6.428571429
mon_9_소녀의 세계.jpg,thu_5_별 거 아니겠지.jpg,6.428571429
mon_9_소녀의 세계.jpg,tue_4_우렉 마지노.jpg,6.428571429
mon_14_버림받은 왕녀의 은밀한 침실.jpg,sat_15_세레나.jpg,6.428571429
mon_14_버림받은 왕녀의 은밀한 침실.jpg,tue_1_괴력 난신.jpg,6.428571429
mon_14_버림받은 왕녀의 은밀한 침실.jpg,wed_12_백XX.jpg,6.428571429
sat_1_호랑이형님.jpg,sat_7_아수라.jpg,6.428571429
sat_2_개꿈.jpg,tue_2_김부장.jpg,6.428571429
sat_3_초인의 시대.jpg,tue_2_김부장.jpg,6.428571429
sat_7_아수라.jpg,wed_11_캐슬2:만인지상.jpg,6.428571429
sat_9_킬러 배드로.jpg,sun_4_천화서고 대공자.jpg,6.428571429
sat_9_킬러 배드로.jpg,thu_6_재벌집 막내아들.jpg,6.428571429
sat_15_세레나.jpg,sun_10_문스트럭.jpg,6.428571429
sat_15_세레나.jpg,wed_7_쌉초의 난.jpg,6.428571429
sun_4_천화서고 대공자.jpg,sun_9_판사 이한영.jpg,6.428571429
sun_4_천화서고 대공자.jpg,thu_14_구세라.jpg,6.428571429
sun_4_천화서고 대공자.jpg,thu_15_마도귀환록.jpg,6.428571429
sun_9_판사 이한영.jpg,thu_6_재벌집 막내아들.jpg,6.428571429
sun_10_문스트럭.jpg,tue_1_괴력 난신.jpg,6.428571429
sun_10_문스트럭.jpg,wed_12_백XX.jpg,6.428571429
sun_12_고대동물기.jpg,tue_2_김부장.jpg,6.428571429
sun_12_고대동물기.jpg,wed_11_캐슬2:만인지상.jpg,6.428571429
thu_2_육아일기.jpg,tue_2_김부장.jpg,6.428571429
thu_4_마흔 즈음에.jpg,tue_2_김부장.jpg,6.428571429
thu_5_별 거 아니겠지.jpg,tue_2_김부장.jpg,6.428571429
thu_6_재벌집 막내아들.jpg,thu_14_구세라.jpg,6.428571429
thu_6_재벌집 막내아들.jpg,thu_15_마도귀환록.jpg,6.428571429
tue_1_괴력 난신.jpg,wed_7_쌉초의 난.jpg,6.428571429
tue_2_김부장.jpg,tue_4_우렉 마지노.jpg,6.428571429
wed_7_쌉초의 난.jpg,wed_12_백XX.jpg,6.428571429
fri_8_로맨스 저주.jpg,thu_11_풍작이에요 마왕님.jpg,6.363636364
mon_11_시한부 천재가 살아남는 법.jpg,sun_5_개짓.jpg,6.363636364
mon_12_십이지소녀.jpg,thu_11_풍작이에요 마왕님.jpg,6.363636364
fri_4_나 혼자 만렙 뉴비.jpg,sun_3_기기괴괴2.jpg,6.25
fri_4_나 혼자 만렙 뉴비.jpg,sun_6_일타강사 백사부.jpg,6.25
fri_11_천하제일 대사형.jpg,sun_3_기기괴괴2.jpg,6.25
fri_11_천하제일 대사형.jpg,sun_6_일타강사 백사부.jpg,6.25
mon_5_절대검감.jpg,sun_3_기기괴괴2.jpg,6.25
mon_5_절대검감.jpg,sun_6_일타강사 백사부.jpg,6.25
mon_10_귀촌리.jpg,sun_3_기기괴괴2.jpg,6.25
mon_10_귀촌리.jpg,sun_6_일타강사 백사부.jpg,6.25
sat_5_마도전생기.jpg,sun_3_기기괴괴2.jpg,6.25
sat_5_마도전생기.jpg,sun_6_일타강사 백사부.jpg,6.25
sat_11_99강화나무몽둥이.jpg,tue_13_멸망 이후의 세계.jpg,6.25
sun_3_기기괴괴2.jpg,tue_14_축살.jpg,6.25
sun_3_기기괴괴2.jpg,wed_3_강제소집.jpg,6.25
sun_6_일타강사 백사부.jpg,tue_14_축살.jpg,6.25
sun_6_일타강사 백사부.jpg,wed_3_강제소집.jpg,6.25
wed_11_캐슬2:만인지상.jpg,wed_15_조조코믹스.jpg,6.25
mon_11_시한부 천재가 살아남는 법.jpg,sun_7_속아주고싶어.jpg,6.19047619
mon_11_시한부 천재가 살아남는 법.jpg,sun_13_아카데미의 천재칼잡이.jpg,6.19047619
mon_11_시한부 천재가 살아남는 법.jpg,wed_4_운명을 보는 회사원.jpg,6.19047619
sun_7_속아주고싶어.jpg,sun_13_아카데미의 천재칼잡이.jpg,6.19047619
sun_7_속아주고싶어.jpg,wed_4_운명을 보는 회사원.jpg,6.19047619
fri_3_외모지상주의.jpg,sun_3_기기괴괴2.jpg,6.153846154
fri_3_외모지상주의.jpg,sun_6_일타강사 백사부.jpg,6.153846154
fri_14_1초.jpg,sun_3_기기괴괴2.jpg,6.153846154
fri_14_1초.jpg,sun_6_일타강사 백사부.jpg,6.153846154
sat_4_시든 꽃에 눈물을.jpg,sun_3_기기괴괴2.jpg,6.153846154
sat_4_시든 꽃에 눈물을.jpg,sun_6_일타강사 백사부.jpg,6.153846154
sun_3_기기괴괴2.jpg,sun_8_권왕환생.jpg,6.153846154
sun_3_기기괴괴2.jpg,sun_14_태존비록.jpg,6.153846154
sun_3_기기괴괴2.jpg,tue_9_레벨999 고블린.jpg,6.153846154
sun_3_기기괴괴2.jpg,wed_8_썰관계주의.jpg,6.153846154
sun_3_기기괴괴2.jpg,wed_9_일렉시드.jpg,6.153846154
sun_3_기기괴괴2.jpg,wed_10_사천당가의 검신급 소가주가 되었다.jpg,6.153846154
sun_3_기기괴괴2.jpg,wed_13_천마는 조용히 살고싶다.jpg,6.153846154
sun_6_일타강사 백사부.jpg,sun_8_권왕환생.jpg,6.153846154
sun_6_일타강사 백사부.jpg,sun_14_태존비록.jpg,6.153846154
sun_6_일타강사 백사부.jpg,tue_9_레벨999 고블린.jpg,6.153846154
sun_6_일타강사 백사부.jpg,wed_8_썰관계주의.jpg,6.153846154
sun_6_일타강사 백사부.jpg,wed_9_일렉시드.jpg,6.153846154
sun_6_일타강사 백사부.jpg,wed_10_사천당가의 검신급 소가주가 되었다.jpg,6.153846154
sun_6_일타강사 백사부.jpg,wed_13_천마는 조용히 살고싶다.jpg,6.153846154
fri_15_돈구멍.jpg,mon_7_백수세끼.jpg,6.111111111
fri_15_돈구멍.jpg,mon_8_마음의소리였던 것.jpg,6.111111111
fri_15_돈구멍.jpg,mon_9_소녀의 세계.jpg,6.111111111
fri_15_돈구멍.jpg,tue_2_김부장.jpg,6.111111111
mon_7_백수세끼.jpg,sun_11_소년교도소.jpg,6.111111111
mon_7_백수세끼.jpg,wed_2_종말이 찾아왔다.jpg,6.111111111
mon_8_마음의소리였던 것.jpg,sun_11_소년교도소.jpg,6.111111111
mon_8_마음의소리였던 것.jpg,wed_2_종말이 찾아왔다.jpg,6.111111111
mon_9_소녀의 세계.jpg,sun_11_소년교도소.jpg,6.111111111
mon_9_소녀의 세계.jpg,wed_2_종말이 찾아왔다.jpg,6.111111111
sun_11_소년교도소.jpg,tue_2_김부장.jpg,6.111111111
thu_13_작두.jpg,wed_11_캐슬2:만인지상.jpg,6.111111111
tue_2_김부장.jpg,wed_2_종말이 찾아왔다.jpg,6.111111111
sun_5_개짓.jpg,thu_11_풍작이에요 마왕님.jpg,6.086956522
fri_9_재입대만 7번째.jpg,sun_7_속아주고싶어.jpg,5.909090909
fri_1_광마회귀.jpg,fri_3_외모지상주의.jpg,5.882352941
fri_1_광마회귀.jpg,fri_12_A.I. 닥터.jpg,5.882352941
fri_1_광마회귀.jpg,sun_8_권왕환생.jpg,5.882352941
fri_1_광마회귀.jpg,sun_14_태존비록.jpg,5.882352941
fri_1_광마회귀.jpg,thu_9_할배무사와 지존 손녀.jpg,5.882352941
fri_1_광마회귀.jpg,tue_9_레벨999 고블린.jpg,5.882352941
fri_1_광마회귀.jpg,wed_8_썰관계주의.jpg,5.882352941
fri_1_광마회귀.jpg,wed_9_일렉시드.jpg,5.882352941
fri_1_광마회귀.jpg,wed_13_천마는 조용히 살고싶다.jpg,5.882352941
fri_3_외모지상주의.jpg,fri_7_재혼 황후.jpg,5.882352941
fri_3_외모지상주의.jpg,mon_3_환생천마.jpg,5.882352941
fri_3_외모지상주의.jpg,sat_15_세레나.jpg,5.882352941
fri_3_외모지상주의.jpg,sun_9_판사 이한영.jpg,5.882352941
fri_3_외모지상주의.jpg,thu_14_구세라.jpg,5.882352941
fri_3_외모지상주의.jpg,thu_15_마도귀환록.jpg,5.882352941
fri_7_재혼 황후.jpg,fri_12_A.I. 닥터.jpg,5.882352941
fri_7_재혼 황후.jpg,sun_8_권왕환생.jpg,5.882352941
fri_7_재혼 황후.jpg,sun_14_태존비록.jpg,5.882352941
fri_7_재혼 황후.jpg,thu_9_할배무사와 지존 손녀.jpg,5.882352941
fri_7_재혼 황후.jpg,tue_9_레벨999 고블린.jpg,5.882352941
fri_7_재혼 황후.jpg,wed_8_썰관계주의.jpg,5.882352941
fri_7_재혼 황후.jpg,wed_9_일렉시드.jpg,5.882352941
fri_7_재혼 황후.jpg,wed_13_천마는 조용히 살고싶다.jpg,5.882352941
fri_12_A.I. 닥터.jpg,sat_15_세레나.jpg,5.882352941
mon_3_환생천마.jpg,sun_14_태존비록.jpg,5.882352941
mon_3_환생천마.jpg,wed_8_썰관계주의.jpg,5.882352941
mon_3_환생천마.jpg,wed_13_천마는 조용히 살고싶다.jpg,5.882352941
mon_11_시한부 천재가 살아남는 법.jpg,sun_2_입학용병.jpg,5.882352941
mon_11_시한부 천재가 살아남는 법.jpg,thu_3_나노마신.jpg,5.882352941
mon_11_시한부 천재가 살아남는 법.jpg,tue_3_절대회귀.jpg,5.882352941
mon_11_시한부 천재가 살아남는 법.jpg,tue_5_서울 자가에 대기업 다니는 김 부장 이야기.jpg,5.882352941
mon_11_시한부 천재가 살아남는 법.jpg,wed_14_성스러운 작가생활.jpg,5.882352941
sat_9_킬러 배드로.jpg,sun_8_권왕환생.jpg,5.882352941
sat_9_킬러 배드로.jpg,tue_9_레벨999 고블린.jpg,5.882352941
sat_9_킬러 배드로.jpg,wed_9_일렉시드.jpg,5.882352941
sat_15_세레나.jpg,sun_8_권왕환생.jpg,5.882352941
sat_15_세레나.jpg,sun_14_태존비록.jpg,5.882352941
sat_15_세레나.jpg,thu_9_할배무사와 지존 손녀.jpg,5.882352941
sat_15_세레나.jpg,tue_9_레벨999 고블린.jpg,5.882352941
sat_15_세레나.jpg,wed_8_썰관계주의.jpg,5.882352941
sat_15_세레나.jpg,wed_9_일렉시드.jpg,5.882352941
sat_15_세레나.jpg,wed_13_천마는 조용히 살고싶다.jpg,5.882352941
sun_2_입학용병.jpg,sun_7_속아주고싶어.jpg,5.882352941
sun_7_속아주고싶어.jpg,thu_3_나노마신.jpg,5.882352941
sun_7_속아주고싶어.jpg,tue_3_절대회귀.jpg,5.882352941
sun_7_속아주고싶어.jpg,tue_5_서울 자가에 대기업 다니는 김 부장 이야기.jpg,5.882352941
sun_7_속아주고싶어.jpg,tue_12_사신소년.jpg,5.882352941
sun_7_속아주고싶어.jpg,wed_6_별을 품은 소드마스터.jpg,5.882352941
sun_7_속아주고싶어.jpg,wed_14_성스러운 작가생활.jpg,5.882352941
sun_9_판사 이한영.jpg,sun_14_태존비록.jpg,5.882352941
sun_9_판사 이한영.jpg,wed_8_썰관계주의.jpg,5.882352941
sun_9_판사 이한영.jpg,wed_13_천마는 조용히 살고싶다.jpg,5.882352941
sun_13_아카데미의 천재칼잡이.jpg,tue_12_사신소년.jpg,5.882352941
sun_13_아카데미의 천재칼잡이.jpg,wed_6_별을 품은 소드마스터.jpg,5.882352941
sun_14_태존비록.jpg,thu_14_구세라.jpg,5.882352941
sun_14_태존비록.jpg,thu_15_마도귀환록.jpg,5.882352941
thu_14_구세라.jpg,wed_8_썰관계주의.jpg,5.882352941
thu_14_구세라.jpg,wed_13_천마는 조용히 살고싶다.jpg,5.882352941
thu_15_마도귀환록.jpg,wed_8_썰관계주의.jpg,5.882352941
thu_15_마도귀환록.jpg,wed_13_천마는 조용히 살고싶다.jpg,5.882352941
tue_12_사신소년.jpg,wed_4_운명을 보는 회사원.jpg,5.882352941
wed_4_운명을 보는 회사원.jpg,wed_6_별을 품은 소드마스터.jpg,5.882352941
fri_15_돈구멍.jpg,thu_13_작두.jpg,5.789473684
mon_6_똑 닮은 딸.jpg,thu_8_송이연 50살 이혼 한 달 차.jpg,5.789473684
sun_11_소년교도소.jpg,thu_13_작두.jpg,5.789473684
thu_13_작두.jpg,wed_2_종말이 찾아왔다.jpg,5.789473684
fri_12_A.I. 닥터.jpg,wed_15_조조코믹스.jpg,5.625
fri_14_1초.jpg,mon_1_만남어플 중독.jpg,5.625
fri_14_1초.jpg,tue_8_이섭의 연애.jpg,5.625
mon_14_버림받은 왕녀의 은밀한 침실.jpg,thu_8_송이연 50살 이혼 한 달 차.jpg,5.625
sun_8_권왕환생.jpg,wed_15_조조코믹스.jpg,5.625
sun_10_문스트럭.jpg,thu_8_송이연 50살 이혼 한 달 차.jpg,5.625
thu_8_송이연 50살 이혼 한 달 차.jpg,wed_7_쌉초의 난.jpg,5.625
thu_9_할배무사와 지존 손녀.jpg,wed_15_조조코믹스.jpg,5.625
tue_9_레벨999 고블린.jpg,wed_15_조조코믹스.jpg,5.625
wed_9_일렉시드.jpg,wed_15_조조코믹스.jpg,5.625
fri_1_광마회귀.jpg,sat_9_킬러 배드로.jpg,5.555555556
fri_1_광마회귀.jpg,sun_9_판사 이한영.jpg,5.555555556
fri_1_광마회귀.jpg,thu_14_구세라.jpg,5.555555556
fri_1_광마회귀.jpg,thu_15_마도귀환록.jpg,5.555555556
fri_1_광마회귀.jpg,wed_12_백XX.jpg,5.555555556
fri_3_외모지상주의.jpg,fri_15_돈구멍.jpg,5.555555556
fri_3_외모지상주의.jpg,sun_11_소년교도소.jpg,5.555555556
fri_3_외모지상주의.jpg,wed_2_종말이 찾아왔다.jpg,5.555555556
fri_4_나 혼자 만렙 뉴비.jpg,sun_4_천화서고 대공자.jpg,5.555555556
fri_4_나 혼자 만렙 뉴비.jpg,thu_6_재벌집 막내아들.jpg,5.555555556
fri_7_재혼 황후.jpg,sat_9_킬러 배드로.jpg,5.555555556
fri_7_재혼 황후.jpg,sun_9_판사 이한영.jpg,5.555555556
fri_7_재혼 황후.jpg,thu_14_구세라.jpg,5.555555556
fri_7_재혼 황후.jpg,thu_15_마도귀환록.jpg,5.555555556
fri_7_재혼 황후.jpg,wed_12_백XX.jpg,5.555555556
fri_8_로맨스 저주.jpg,sun_2_입학용병.jpg,5.555555556
fri_8_로맨스 저주.jpg,thu_3_나노마신.jpg,5.555555556
fri_8_로맨스 저주.jpg,tue_3_절대회귀.jpg,5.555555556
fri_8_로맨스 저주.jpg,tue_5_서울 자가에 대기업 다니는 김 부장 이야기.jpg,5.555555556
fri_8_로맨스 저주.jpg,wed_14_성스러운 작가생활.jpg,5.555555556
fri_9_재입대만 7번째.jpg,sun_2_입학용병.jpg,5.555555556
fri_9_재입대만 7번째.jpg,thu_3_나노마신.jpg,5.555555556
fri_9_재입대만 7번째.jpg,tue_3_절대회귀.jpg,5.555555556
fri_9_재입대만 7번째.jpg,tue_5_서울 자가에 대기업 다니는 김 부장 이야기.jpg,5.555555556
fri_9_재입대만 7번째.jpg,wed_14_성스러운 작가생활.jpg,5.555555556
fri_10_아카데미에서 살아남기.jpg,mon_7_백수세끼.jpg,5.555555556
fri_10_아카데미에서 살아남기.jpg,mon_8_마음의소리였던 것.jpg,5.555555556
fri_10_아카데미에서 살아남기.jpg,mon_9_소녀의 세계.jpg,5.555555556
fri_10_아카데미에서 살아남기.jpg,tue_2_김부장.jpg,5.555555556
fri_10_아카데미에서 살아남기.jpg,wed_11_캐슬2:만인지상.jpg,5.555555556
fri_11_천하제일 대사형.jpg,sun_4_천화서고 대공자.jpg,5.555555556
fri_11_천하제일 대사형.jpg,thu_6_재벌집 막내아들.jpg,5.555555556
fri_15_돈구멍.jpg,sat_4_시든 꽃에 눈물을.jpg,5.555555556
fri_15_돈구멍.jpg,sun_14_태존비록.jpg,5.555555556
fri_15_돈구멍.jpg,wed_8_썰관계주의.jpg,5.555555556
fri_15_돈구멍.jpg,wed_10_사천당가의 검신급 소가주가 되었다.jpg,5.555555556
fri_15_돈구멍.jpg,wed_13_천마는 조용히 살고싶다.jpg,5.555555556
mon_3_환생천마.jpg,wed_12_백XX.jpg,5.555555556
mon_4_왕과의 야행.jpg,mon_14_버림받은 왕녀의 은밀한 침실.jpg,5.555555556
mon_4_왕과의 야행.jpg,sat_2_개꿈.jpg,5.555555556
mon_4_왕과의 야행.jpg,sat_3_초인의 시대.jpg,5.555555556
mon_4_왕과의 야행.jpg,sun_10_문스트럭.jpg,5.555555556
mon_4_왕과의 야행.jpg,thu_2_육아일기.jpg,5.555555556
mon_4_왕과의 야행.jpg,thu_4_마흔 즈음에.jpg,5.555555556
mon_4_왕과의 야행.jpg,thu_5_별 거 아니겠지.jpg,5.555555556
mon_4_왕과의 야행.jpg,tue_4_우렉 마지노.jpg,5.555555556
mon_4_왕과의 야행.jpg,wed_7_쌉초의 난.jpg,5.555555556
mon_5_절대검감.jpg,sun_4_천화서고 대공자.jpg,5.555555556
mon_5_절대검감.jpg,thu_6_재벌집 막내아들.jpg,5.555555556
mon_7_백수세끼.jpg,tue_1_괴력 난신.jpg,5.555555556
mon_7_백수세끼.jpg,wed_11_캐슬2:만인지상.jpg,5.555555556
mon_8_마음의소리였던 것.jpg,tue_1_괴력 난신.jpg,5.555555556
mon_8_마음의소리였던 것.jpg,wed_11_캐슬2:만인지상.jpg,5.555555556
mon_9_소녀의 세계.jpg,tue_1_괴력 난신.jpg,5.555555556
mon_9_소녀의 세계.jpg,wed_11_캐슬2:만인지상.jpg,5.555555556
mon_10_귀촌리.jpg,sun_4_천화서고 대공자.jpg,5.555555556
mon_10_귀촌리.jpg,thu_6_재벌집 막내아들.jpg,5.555555556
mon_12_십이지소녀.jpg,tue_12_사신소년.jpg,5.555555556
mon_12_십이지소녀.jpg,wed_6_별을 품은 소드마스터.jpg,5.555555556
mon_14_버림받은 왕녀의 은밀한 침실.jpg,tue_11_중증외상센터 : 외과의사 백강혁.jpg,5.555555556
sat_1_호랑이형님.jpg,wed_11_캐슬2:만인지상.jpg,5.555555556
sat_4_시든 꽃에 눈물을.jpg,sun_11_소년교도소.jpg,5.555555556
sat_4_시든 꽃에 눈물을.jpg,thu_13_작두.jpg,5.555555556
sat_4_시든 꽃에 눈물을.jpg,wed_2_종말이 찾아왔다.jpg,5.555555556
sat_5_마도전생기.jpg,sun_4_천화서고 대공자.jpg,5.555555556
sat_5_마도전생기.jpg,thu_6_재벌집 막내아들.jpg,5.555555556
sat_7_아수라.jpg,tue_11_중증외상센터 : 외과의사 백강혁.jpg,5.555555556
sat_9_킬러 배드로.jpg,sat_15_세레나.jpg,5.555555556
sat_9_킬러 배드로.jpg,sun_9_판사 이한영.jpg,5.555555556
sat_9_킬러 배드로.jpg,thu_14_구세라.jpg,5.555555556
sat_9_킬러 배드로.jpg,thu_15_마도귀환록.jpg,5.555555556
sat_9_킬러 배드로.jpg,wed_12_백XX.jpg,5.555555556
sat_13_아홉수 우리들.jpg,tue_7_신입사원 김철수.jpg,5.555555556
sat_13_아홉수 우리들.jpg,tue_10_마음의소리2.jpg,5.555555556
sat_15_세레나.jpg,sun_9_판사 이한영.jpg,5.555555556
sat_15_세레나.jpg,thu_14_구세라.jpg,5.555555556
sat_15_세레나.jpg,thu_15_마도귀환록.jpg,5.555555556
sat_15_세레나.jpg,wed_12_백XX.jpg,5.555555556
sun_2_입학용병.jpg,thu_11_풍작이에요 마왕님.jpg,5.555555556
sun_4_천화서고 대공자.jpg,tue_14_축살.jpg,5.555555556
sun_4_천화서고 대공자.jpg,wed_3_강제소집.jpg,5.555555556
sun_8_권왕환생.jpg,thu_13_작두.jpg,5.555555556
sun_9_판사 이한영.jpg,wed_12_백XX.jpg,5.555555556
sun_10_문스트럭.jpg,tue_11_중증외상센터 : 외과의사 백강혁.jpg,5.555555556
sun_11_소년교도소.jpg,sun_14_태존비록.jpg,5.555555556
sun_11_소년교도소.jpg,wed_8_썰관계주의.jpg,5.555555556
sun_11_소년교도소.jpg,wed_10_사천당가의 검신급 소가주가 되었다.jpg,5.555555556
sun_11_소년교도소.jpg,wed_13_천마는 조용히 살고싶다.jpg,5.555555556
sun_14_태존비록.jpg,wed_2_종말이 찾아왔다.jpg,5.555555556
thu_3_나노마신.jpg,thu_11_풍작이에요 마왕님.jpg,5.555555556
thu_6_재벌집 막내아들.jpg,tue_14_축살.jpg,5.555555556
thu_6_재벌집 막내아들.jpg,wed_3_강제소집.jpg,5.555555556
thu_11_풍작이에요 마왕님.jpg,tue_3_절대회귀.jpg,5.555555556
thu_11_풍작이에요 마왕님.jpg,tue_5_서울 자가에 대기업 다니는 김 부장 이야기.jpg,5.555555556
thu_11_풍작이에요 마왕님.jpg,tue_12_사신소년.jpg,5.555555556
thu_11_풍작이에요 마왕님.jpg,wed_6_별을 품은 소드마스터.jpg,5.555555556
thu_11_풍작이에요 마왕님.jpg,wed_14_성스러운 작가생활.jpg,5.555555556
thu_13_작두.jpg,tue_9_레벨999 고블린.jpg,5.555555556
thu_13_작두.jpg,wed_9_일렉시드.jpg,5.555555556
thu_13_작두.jpg,wed_10_사천당가의 검신급 소가주가 되었다.jpg,5.555555556
thu_14_구세라.jpg,wed_12_백XX.jpg,5.555555556
thu_15_마도귀환록.jpg,wed_12_백XX.jpg,5.555555556
tue_1_괴력 난신.jpg,tue_2_김부장.jpg,5.555555556
tue_1_괴력 난신.jpg,wed_11_캐슬2:만인지상.jpg,5.555555556
tue_2_김부장.jpg,wed_11_캐슬2:만인지상.jpg,5.555555556
tue_11_중증외상센터 : 외과의사 백강혁.jpg,wed_7_쌉초의 난.jpg,5.555555556
wed_2_종말이 찾아왔다.jpg,wed_8_썰관계주의.jpg,5.555555556
wed_2_종말이 찾아왔다.jpg,wed_10_사천당가의 검신급 소가주가 되었다.jpg,5.555555556
wed_2_종말이 찾아왔다.jpg,wed_13_천마는 조용히 살고싶다.jpg,5.555555556
mon_12_십이지소녀.jpg,sun_8_권왕환생.jpg,5.5
mon_12_십이지소녀.jpg,tue_9_레벨999 고블린.jpg,5.5
mon_12_십이지소녀.jpg,wed_9_일렉시드.jpg,5.5
