요일,순위,제목,썸네일,상세페이지,작가
mon,1,만남어플 중독,https://image-comic.pstatic.net/webtoon/839004/thumbnail/thumbnail_IMAG21_258e9101-6b52-49a2-bcaa-6f90f540624f.jpg,https://comic.naver.com/webtoon/list?titleId=839004&tab=mon,루즌아
mon,2,참교육,https://image-comic.pstatic.net/webtoon/758037/thumbnail/thumbnail_IMAG21_15cb2611-34c0-4f02-a689-41d0b1016579.jpg,https://comic.naver.com/webtoon/list?titleId=758037&tab=mon,채용택 / 한가람
mon,3,환생천마,https://image-comic.pstatic.net/webtoon/822657/thumbnail/thumbnail_IMAG21_99e49512-e05d-48c3-846d-d898f78523df.jpg,https://comic.naver.com/webtoon/list?titleId=822657&tab=mon,JP / 부겸 / 장영훈
mon,4,왕과의 야행,https://image-comic.pstatic.net/webtoon/817859/thumbnail/thumbnail_IMAG21_7479316a-1fca-40d6-9d8e-455f8b2fb0db.jpg,https://comic.naver.com/webtoon/list?titleId=817859&tab=mon,보리
mon,5,절대검감,https://image-comic.pstatic.net/webtoon/796075/thumbnail/thumbnail_IMAG21_31f75c4c-81c9-454a-8d92-9e23b577e1a5.jpg,https://comic.naver.com/webtoon/list?titleId=796075&tab=mon,김두루미 / 티아이 / 한중월야
mon,6,똑 닮은 딸,https://image-comic.pstatic.net/webtoon/774866/thumbnail/thumbnail_IMAG21_b03cd4bd-bc74-4469-a501-20896bcc887f.jpg,https://comic.naver.com/webtoon/list?titleId=774866&tab=mon,이담
mon,7,백수세끼,https://image-comic.pstatic.net/webtoon/733074/thumbnail/thumbnail_IMAG21_80df3e76-47af-4007-b57c-e8f2830835e5.jpg,https://comic.naver.com/webtoon/list?titleId=733074&tab=mon,치즈
mon,8,마음의소리(였던 것),https://image-comic.pstatic.net/webtoon/821793/thumbnail/thumbnail_IMAG21_c5c798a7-dadf-487b-9bea-485928755332.jpg,https://comic.naver.com/webtoon/list?titleId=821793&tab=mon,조석
mon,9,소녀의 세계,https://image-comic.pstatic.net/webtoon/654774/thumbnail/thumbnail_IMAG21_1209b520-bcd9-4031-b76f-bc8a7f5527fd.jpg,https://comic.naver.com/webtoon/list?titleId=654774&tab=mon,모랑지
mon,10,귀촌리,https://image-comic.pstatic.net/webtoon/822573/thumbnail/thumbnail_IMAG21_d5b20239-59d8-4274-85ef-3d096420738c.jpg,https://comic.naver.com/webtoon/list?titleId=822573&tab=mon,황양 / 이대한
mon,11,시한부 천재가 살아남는 법,https://image-comic.pstatic.net/webtoon/832703/thumbnail/thumbnail_IMAG21_1dab240b-fafb-472a-8b42-966f40f8fdc0.jpg,https://comic.naver.com/webtoon/list?titleId=832703&tab=mon,JP / 윤승기 / 청시소
mon,12,십이지소녀,https://image-comic.pstatic.net/webtoon/840329/thumbnail/thumbnail_IMAG21_98526ab3-c032-4a67-8512-ac19ab5ed9c5.jpg,https://comic.naver.com/webtoon/list?titleId=840329&tab=mon,"지지, MAJOR / 지지"
mon,13,회귀한 공작가의 막내도련님은 암살자,https://image-comic.pstatic.net/webtoon/821195/thumbnail/thumbnail_IMAG21_4eff0192-8237-4ec7-b74c-bd66cfd25d51.jpg,https://comic.naver.com/webtoon/list?titleId=821195&tab=mon,스윙뱃 / 커피라임
mon,14,버림받은 왕녀의 은밀한 침실,https://image-comic.pstatic.net/webtoon/796867/thumbnail/thumbnail_IMAG21_fc03c47f-5289-4c54-b3eb-718592ce8309.jpg,https://comic.naver.com/webtoon/list?titleId=796867&tab=mon,혜니 / 성혜림
mon,15,천재 타자가 강속구를 숨김,https://image-comic.pstatic.net/webtoon/807775/thumbnail/thumbnail_IMAG21_0ee25b80-a8ce-4d15-a241-679c9780a157.jpg,https://comic.naver.com/webtoon/list?titleId=807775&tab=mon,"황지성 / 스튜디오MW, 김성은 / 이블라인"
tue,1,괴력 난신,https://image-comic.pstatic.net/webtoon/821597/thumbnail/thumbnail_IMAG21_07118c59-2490-4cc9-b144-11c10f138b30.jpg,https://comic.naver.com/webtoon/list?titleId=821597&tab=tue,매드버드 / 김태형 / 한중월야
tue,2,김부장,https://image-comic.pstatic.net/webtoon/783053/thumbnail/thumbnail_IMAG21_d7732f14-26da-4e35-8762-660cc87b53f1.jpg,https://comic.naver.com/webtoon/list?titleId=783053&tab=tue,"박만사, 남자의 이야기 / 정종택"
tue,3,절대회귀,https://image-comic.pstatic.net/webtoon/828715/thumbnail/thumbnail_IMAG21_8957548a-2eb2-4ddf-a50e-dbc7fddc16a7.jpg,https://comic.naver.com/webtoon/list?titleId=828715&tab=tue,JP / 박진환 / 장영훈
tue,4,우렉 마지노,https://image-comic.pstatic.net/webtoon/838432/thumbnail/thumbnail_IMAG21_eac3a41f-1bd2-420e-be3f-a4926e69dde9.jpg,https://comic.naver.com/webtoon/list?titleId=838432&tab=tue,SIU
tue,5,서울 자가에 대기업 다니는 김 부장 이야기,https://image-comic.pstatic.net/webtoon/819929/thumbnail/thumbnail_IMAG21_f1ca00e5-9b30-44d3-a1ee-7a04d539002a.jpg,https://comic.naver.com/webtoon/list?titleId=819929&tab=tue,명랑 / 김병관 / 송희구
tue,7,신입사원 김철수,https://image-comic.pstatic.net/webtoon/812594/thumbnail/thumbnail_IMAG21_d524ca40-2d86-4946-b13f-53d42cbd1cba.jpg,https://comic.naver.com/webtoon/list?titleId=812594&tab=tue,스튜디오MW / 오정
tue,8,이섭의 연애,https://image-comic.pstatic.net/webtoon/813454/thumbnail/thumbnail_IMAG21_b65fca82-52ce-4c07-8499-6163d24c5721.jpg,https://comic.naver.com/webtoon/list?titleId=813454&tab=tue,248 / 김언희
tue,9,레벨999 고블린,https://image-comic.pstatic.net/webtoon/838991/thumbnail/thumbnail_IMAG21_3e120b7a-ee69-4dbb-9c4d-a6ef4f151524.jpg,https://comic.naver.com/webtoon/list?titleId=838991&tab=tue,다피 / 곰곰
tue,10,마음의소리2,https://image-comic.pstatic.net/webtoon/814543/thumbnail/thumbnail_IMAG21_df84a681-b7ef-4dda-8cef-25b219d35e3e.jpg,https://comic.naver.com/webtoon/list?titleId=814543&tab=tue,조석
tue,11,중증외상센터 : 외과의사 백강혁,https://image-comic.pstatic.net/webtoon/835736/thumbnail/thumbnail_IMAG21_91f8c0be-dcab-47f2-a198-afeb0746e06e.jpg,https://comic.naver.com/webtoon/list?titleId=835736&tab=tue,홍비치라 / 한산이가
tue,12,사신소년,https://image-comic.pstatic.net/webtoon/730656/thumbnail/thumbnail_IMAG21_fc6d8dbf-eed2-43d0-af45-2edb3cc4244e.jpg,https://comic.naver.com/webtoon/list?titleId=730656&tab=tue,류
tue,13,멸망 이후의 세계,https://image-comic.pstatic.net/webtoon/789979/thumbnail/thumbnail_IMAG21_07d44ecc-faf1-4b21-bbaa-63ff65bd4d67.jpg,https://comic.naver.com/webtoon/list?titleId=789979&tab=tue,언데드딸기 / 언데드감자 / 싱숑
tue,14,축살,https://image-comic.pstatic.net/webtoon/840184/thumbnail/thumbnail_IMAG21_fdece33a-2eb2-4e1d-b899-850cf9a62964.jpg,https://comic.naver.com/webtoon/list?titleId=840184&tab=tue,장성준
tue,15,44교시 생존수업,https://image-comic.pstatic.net/webtoon/836848/thumbnail/thumbnail_IMAG21_91382c72-745a-4df6-9a76-97fecf014390.jpg,https://comic.naver.com/webtoon/list?titleId=836848&tab=tue,상C
wed,1,전지적 독자 시점,https://image-comic.pstatic.net/webtoon/747269/thumbnail/thumbnail_IMAG21_aabd9952-ff45-47a2-a543-33f19a5c6708.jpg,https://comic.naver.com/webtoon/list?titleId=747269&tab=wed,UMI / 슬리피-C / 싱숑
wed,2,종말이 찾아왔다,https://image-comic.pstatic.net/webtoon/838002/thumbnail/thumbnail_IMAG21_aee939b2-2d3c-445f-a7d8-82414f4f9482.jpg,https://comic.naver.com/webtoon/list?titleId=838002&tab=wed,전선욱
wed,3,강제소집,https://image-comic.pstatic.net/webtoon/838351/thumbnail/thumbnail_IMAG21_198cb06d-cb3b-4852-b895-84302b8129f1.jpg,https://comic.naver.com/webtoon/list?titleId=838351&tab=wed,남자의 이야기 / GArt
wed,4,운명을 보는 회사원,https://image-comic.pstatic.net/webtoon/797443/thumbnail/thumbnail_IMAG21_f1856c97-c511-4147-a438-a26aab98ef8a.jpg,https://comic.naver.com/webtoon/list?titleId=797443&tab=wed,영완(映完) / 임성욱
wed,6,별을 품은 소드마스터,https://image-comic.pstatic.net/webtoon/816809/thumbnail/thumbnail_IMAG21_55348686-22ee-49ed-ae07-ad9b39ec748f.jpg,https://comic.naver.com/webtoon/list?titleId=816809&tab=wed,홍대의 / 주노 / Q10
wed,7,쌉초의 난,https://image-comic.pstatic.net/webtoon/823195/thumbnail/thumbnail_IMAG21_5a92d1bb-bfc1-4f46-aff6-9131d1b20b07.jpg,https://comic.naver.com/webtoon/list?titleId=823195&tab=wed,쌉초
wed,8,썰:관계주의,https://image-comic.pstatic.net/webtoon/834033/thumbnail/thumbnail_IMAG21_7c9585da-5f05-49f4-8922-7803630084fa.jpg,https://comic.naver.com/webtoon/list?titleId=834033&tab=wed,이삼 / 장버들
wed,9,일렉시드,https://image-comic.pstatic.net/webtoon/717481/thumbnail/thumbnail_IMAG21_3545800975505057126.jpg,https://comic.naver.com/webtoon/list?titleId=717481&tab=wed,손제호 / 제나
wed,10,사천당가의 검신급 소가주가 되었다,https://image-comic.pstatic.net/webtoon/822862/thumbnail/thumbnail_IMAG21_d33d1add-9e35-4167-aeae-0474495a2e90.jpg,https://comic.naver.com/webtoon/list?titleId=822862&tab=wed,PSG / 김종섭 / 화계
wed,11,캐슬2:만인지상,https://image-comic.pstatic.net/webtoon/807178/thumbnail/thumbnail_IMAG21_28fcfb22-aae7-41b4-8767-05f6dd176b03.jpg,https://comic.naver.com/webtoon/list?titleId=807178&tab=wed,"정연, 박만사 / 정연"
wed,12,백XX,https://image-comic.pstatic.net/webtoon/804862/thumbnail/thumbnail_IMAG21_f1b2f920-5c10-4155-a547-0c25a7132d8f.jpeg,https://comic.naver.com/webtoon/list?titleId=804862&tab=wed,"병장, 박만사 / 펀치킥"
wed,13,천마는 조용히 살고싶다,https://image-comic.pstatic.net/webtoon/834502/thumbnail/thumbnail_IMAG21_45160f66-772b-44ae-a800-e12e6f084d7f.jpg,https://comic.naver.com/webtoon/list?titleId=834502&tab=wed,기제마 / 슬우 / 김강현
wed,14,성스러운 작가생활,https://image-comic.pstatic.net/webtoon/807859/thumbnail/thumbnail_IMAG21_c9bb3616-0b06-4cf6-a952-d9a5bb4dd001.jpg,https://comic.naver.com/webtoon/list?titleId=807859&tab=wed,이작가야
wed,15,조조코믹스,https://image-comic.pstatic.net/webtoon/774862/thumbnail/thumbnail_IMAG21_d5571d54-7164-41da-92f6-c290c66c6bf2.jpg,https://comic.naver.com/webtoon/list?titleId=774862&tab=wed,이동건
thu,2,육아일기,https://image-comic.pstatic.net/webtoon/812354/thumbnail/thumbnail_IMAG21_c20b50b3-8cbd-4f14-a8f8-5a67e5cacea0.jpg,https://comic.naver.com/webtoon/list?titleId=812354&tab=thu,자까
thu,3,나노마신,https://image-comic.pstatic.net/webtoon/747271/thumbnail/thumbnail_IMAG21_d46b4a69-6de0-41be-b368-ce5e74ab8f76.jpg,https://comic.naver.com/webtoon/list?titleId=747271&tab=thu,현절무 / 금강불괴 / 한중월야
thu,4,마흔 즈음에,https://image-comic.pstatic.net/webtoon/836052/thumbnail/thumbnail_IMAG21_b475b1ef-5d2a-4afe-a1b4-5b3c6cc577f7.jpg,https://comic.naver.com/webtoon/list?titleId=836052&tab=thu,서쿤스
thu,5,별 거 아니겠지,https://image-comic.pstatic.net/webtoon/839544/thumbnail/thumbnail_IMAG21_c9de8d27-2e5c-44e3-9a9f-9b2e25dbb424.jpg,https://comic.naver.com/webtoon/list?titleId=839544&tab=thu,쥐망
thu,6,재벌집 막내아들,https://image-comic.pstatic.net/webtoon/800770/thumbnail/thumbnail_IMAG21_d2e1e7ee-fc83-4030-a1e7-200378bc088f.jpg,https://comic.naver.com/webtoon/list?titleId=800770&tab=thu,JP / 김병관 / 산경(山景)
thu,8,"송이연 50살, 이혼 한 달 차",https://image-comic.pstatic.net/webtoon/835206/thumbnail/thumbnail_IMAG21_78b59a87-9b5a-496b-8ddd-246d662ea62a.jpg,https://comic.naver.com/webtoon/list?titleId=835206&tab=thu,인유유
thu,9,할배무사와 지존 손녀,https://image-comic.pstatic.net/webtoon/817246/thumbnail/thumbnail_IMAG21_0cca8109-c5c2-4a25-91b3-0b338a73e59d.jpg,https://comic.naver.com/webtoon/list?titleId=817246&tab=thu,신의철 / 김명현 / 일향(一向)
thu,10,무사만리행,https://image-comic.pstatic.net/webtoon/746857/thumbnail/thumbnail_IMAG21_9a0d4005-34a6-4fb5-a9dc-61a305cb580d.jpg,https://comic.naver.com/webtoon/list?titleId=746857&tab=thu,운 / 배민기
thu,11,"풍작이에요, 마왕님!",https://image-comic.pstatic.net/webtoon/837486/thumbnail/thumbnail_IMAG21_fb9d2340-c0e1-4d42-a9a6-1f1e694c56e0.jpg,https://comic.naver.com/webtoon/list?titleId=837486&tab=thu,이현민 / 여강현 / 문백경
thu,12,게임 속 바바리안으로 살아남기,https://image-comic.pstatic.net/webtoon/808482/thumbnail/thumbnail_IMAG21_0afa3b22-2ed4-47ba-b791-9c8e3a30f6ba.jpg,https://comic.naver.com/webtoon/list?titleId=808482&tab=thu,팀 더 지크 / MIDNIGHT STUDIO / 정윤강
thu,13,작두,https://image-comic.pstatic.net/webtoon/828294/thumbnail/thumbnail_IMAG21_840e741d-f74e-44bc-b60b-a4e132516889.jpg,https://comic.naver.com/webtoon/list?titleId=828294&tab=thu,232 / POGO
thu,14,구세라,https://image-comic.pstatic.net/webtoon/834421/thumbnail/thumbnail_IMAG21_cd201b97-bf86-48a2-8c66-f6db25c964e8.jpg,https://comic.naver.com/webtoon/list?titleId=834421&tab=thu,승 / 한기쁨
thu,15,마도귀환록,https://image-comic.pstatic.net/webtoon/813563/thumbnail/thumbnail_IMAG21_f9d73a36-fdd1-4102-88b5-c2359ba57e7f.jpg,https://comic.naver.com/webtoon/list?titleId=813563&tab=thu,사월 / MISANG / 한유림
fri,1,광마회귀,https://image-comic.pstatic.net/webtoon/776601/thumbnail/thumbnail_IMAG21_7365135131254864183.jpg,https://comic.naver.com/webtoon/list?titleId=776601&tab=fri,JP / 이히 / 유진성
fri,2,역대급 영지 설계사,https://image-comic.pstatic.net/webtoon/777767/thumbnail/thumbnail_IMAG21_cc85f891-272b-450a-b642-cffe1568ab71.jpg,https://comic.naver.com/webtoon/list?titleId=777767&tab=fri,이현민 / 김현수 / 문백경
fri,3,외모지상주의,https://image-comic.pstatic.net/webtoon/641253/thumbnail/thumbnail_IMAG21_01672165-03c8-44b1-ba0e-ef82c9cfcd10.jpg,https://comic.naver.com/webtoon/list?titleId=641253&tab=fri,박태준
fri,4,나 혼자 만렙 뉴비,https://image-comic.pstatic.net/webtoon/773797/thumbnail/thumbnail_IMAG21_37c6a85a-d3a6-4afc-909a-420973f63019.jpg,https://comic.naver.com/webtoon/list?titleId=773797&tab=fri,WAN.Z / 스윙뱃 / 메슬로우
fri,6,상남자,https://image-comic.pstatic.net/webtoon/751168/thumbnail/thumbnail_IMAG21_db791b21-1a43-4a47-bfe4-09f504e0c246.jpg,https://comic.naver.com/webtoon/list?titleId=751168&tab=fri,하늘소 / 도가도 / 김태궁
fri,7,재혼 황후,https://image-comic.pstatic.net/webtoon/735661/thumbnail/thumbnail_IMAG21_2e35b4aa-4459-42fd-84a8-eae732910422.jpg,https://comic.naver.com/webtoon/list?titleId=735661&tab=fri,히어리 / 숨풀 / 알파타르트
fri,8,로맨스 저주,https://image-comic.pstatic.net/webtoon/834035/thumbnail/thumbnail_IMAG21_6a1b8b18-1759-457e-abb6-132878057f35.jpg,https://comic.naver.com/webtoon/list?titleId=834035&tab=fri,다원
fri,9,재입대만 7번째,https://image-comic.pstatic.net/webtoon/837665/thumbnail/thumbnail_IMAG21_50ba7ee1-e82e-479c-bed2-53c3b3900aff.jpg,https://comic.naver.com/webtoon/list?titleId=837665&tab=fri,이진수
fri,10,아카데미에서 살아남기,https://image-comic.pstatic.net/webtoon/820097/thumbnail/thumbnail_IMAG21_51b7f343-dcd4-49fa-92b2-7f4729692e05.jpg,https://comic.naver.com/webtoon/list?titleId=820097&tab=fri,기린그린 / 코리타
fri,11,천하제일 대사형,https://image-comic.pstatic.net/webtoon/802278/thumbnail/thumbnail_IMAG21_1f75b2d4-e3cd-4a9f-917e-635557178b08.jpg,https://comic.naver.com/webtoon/list?titleId=802278&tab=fri,YooN / 북미혼
fri,12,A.I. 닥터,https://image-comic.pstatic.net/webtoon/765804/thumbnail/thumbnail_IMAG21_011afdde-cc86-418b-94ed-7baa9e11f094.jpg,https://comic.naver.com/webtoon/list?titleId=765804&tab=fri,ZAINO / 쿠큐 / 한산이가
fri,13,퇴마록 : 세계편,https://image-comic.pstatic.net/webtoon/840485/thumbnail/thumbnail_IMAG21_7092ed23-646b-4268-87fb-2fea68ed8501.jpg,https://comic.naver.com/webtoon/list?titleId=840485&tab=fri,빅버드 / 나연경 / 이우혁
fri,14,1초,https://image-comic.pstatic.net/webtoon/725586/thumbnail/thumbnail_IMAG21_aac005dc-11a7-41b6-a127-4ffa5b480698.jpg,https://comic.naver.com/webtoon/list?titleId=725586&tab=fri,시니 / 광운
fri,15,돈구멍,https://image-comic.pstatic.net/webtoon/828950/thumbnail/thumbnail_IMAG21_1d9f4f33-d2ca-4702-95cd-681c11db19ed.jpg,https://comic.naver.com/webtoon/list?titleId=828950&tab=fri,박성현
sat,1,호랑이형님,https://image-comic.pstatic.net/webtoon/650305/thumbnail/thumbnail_IMAG21_9e070729-5990-4653-90dd-1158847c1c68.jpg,https://comic.naver.com/webtoon/list?titleId=650305&tab=sat,이상규
sat,2,개꿈,https://image-comic.pstatic.net/webtoon/818791/thumbnail/thumbnail_IMAG21_a613db8b-8319-4bfe-8971-1df89f4df979.jpg,https://comic.naver.com/webtoon/list?titleId=818791&tab=sat,신송림
sat,3,초인의 시대,https://image-comic.pstatic.net/webtoon/730694/thumbnail/thumbnail_IMAG21_29c75eb5-39f4-4608-8c79-737bc8330bb0.jpg,https://comic.naver.com/webtoon/list?titleId=730694&tab=sat,섭이
sat,4,시든 꽃에 눈물을,https://image-comic.pstatic.net/webtoon/827190/thumbnail/thumbnail_IMAG21_ce05e060-9420-4494-a004-278f90e8dde9.jpg,https://comic.naver.com/webtoon/list?titleId=827190&tab=sat,개
sat,5,마도전생기,https://image-comic.pstatic.net/webtoon/807777/thumbnail/thumbnail_IMAG21_e47489ea-bf97-4726-a8e7-6403092a303a.jpg,https://comic.naver.com/webtoon/list?titleId=807777&tab=sat,포스스튜디오 / codezero
sat,6,절대군림,https://image-comic.pstatic.net/webtoon/832677/thumbnail/thumbnail_IMAG21_9d858839-175e-45bb-bfc3-d9ed208c2f7d.jpg,https://comic.naver.com/webtoon/list?titleId=832677&tab=sat,박시대 / 장영훈
sat,7,아수라,https://image-comic.pstatic.net/webtoon/826670/thumbnail/thumbnail_IMAG21_ecfd3f55-b872-45a8-9837-a94d1dcb9f72.jpg,https://comic.naver.com/webtoon/list?titleId=826670&tab=sat,류기운 / 문정후
sat,9,킬러 배드로,https://image-comic.pstatic.net/webtoon/816798/thumbnail/thumbnail_IMAG21_e2ec52f5-8822-4c23-a246-41f36d7c9a65.jpeg,https://comic.naver.com/webtoon/list?titleId=816798&tab=sat,김정현 / 임리나
sat,10,오늘만 사는 기사,https://image-comic.pstatic.net/webtoon/824543/thumbnail/thumbnail_IMAG21_7b913673-101c-4472-8889-1918ed4e87a4.jpg,https://comic.naver.com/webtoon/list?titleId=824543&tab=sat,"이현민, 가나라 / 이안 / 소울풍"
sat,11,99강화나무몽둥이,https://image-comic.pstatic.net/webtoon/792651/thumbnail/thumbnail_IMAG21_218f18ef-7f68-4d6a-972c-686a3e9f6138.jpg,https://comic.naver.com/webtoon/list?titleId=792651&tab=sat,홍실 / 지페리
sat,13,아홉수 우리들,https://image-comic.pstatic.net/webtoon/724815/thumbnail/thumbnail_IMAG21_08aa1511-f7aa-412a-bbcd-8f6504f0da76.jpg,https://comic.naver.com/webtoon/list?titleId=724815&tab=sat,수박양
sat,14,시한복권,https://image-comic.pstatic.net/webtoon/839588/thumbnail/thumbnail_IMAG21_d618a7b7-e521-4b47-9539-500fe1c9fd49.jpg,https://comic.naver.com/webtoon/list?titleId=839588&tab=sat,세모 / 네모
sat,15,세레나,https://image-comic.pstatic.net/webtoon/801475/thumbnail/thumbnail_IMAG21_f0661563-49b3-4872-bd64-d16cf4958f24.jpg,https://comic.naver.com/webtoon/list?titleId=801475&tab=sat,정이나
sun,2,입학용병,https://image-comic.pstatic.net/webtoon/758150/thumbnail/thumbnail_IMAG21_4135492154714961716.jpg,https://comic.naver.com/webtoon/list?titleId=758150&tab=sun,YC / 락현
sun,3,기기괴괴2,https://image-comic.pstatic.net/webtoon/821851/thumbnail/thumbnail_IMAG21_d67261bc-0aea-495c-b92e-07dc2c1785cd.jpg,https://comic.naver.com/webtoon/list?titleId=821851&tab=sun,오성대
sun,4,천화서고 대공자,https://image-comic.pstatic.net/webtoon/805193/thumbnail/thumbnail_IMAG21_72d0c645-de0a-43f2-9674-73909671fa5e.jpg,https://comic.naver.com/webtoon/list?titleId=805193&tab=sun,128 / MIDNIGHT STUDIO / 김현영
sun,5,개짓,https://image-comic.pstatic.net/webtoon/833620/thumbnail/thumbnail_IMAG21_a284c7d3-6238-4c34-b4a5-7ee95395e480.jpg,https://comic.naver.com/webtoon/list?titleId=833620&tab=sun,"불사 / MUTE, 서인화 / 김영한"
sun,6,일타강사 백사부,https://image-comic.pstatic.net/webtoon/779632/thumbnail/thumbnail_IMAG21_d131ea75-e4e9-4c95-8f7c-00bb8cc2c68e.jpg,https://comic.naver.com/webtoon/list?titleId=779632&tab=sun,리메 / 드로우웨이즈 / 간짜장
sun,7,속아주고싶어,https://image-comic.pstatic.net/webtoon/840114/thumbnail/thumbnail_IMAG21_afaca43e-5841-431a-ae99-8deeca2e1fc8.jpg,https://comic.naver.com/webtoon/list?titleId=840114&tab=sun,케냠
sun,8,권왕환생,https://image-comic.pstatic.net/webtoon/839568/thumbnail/thumbnail_IMAG21_b28a7558-8258-4fbc-b69f-fd5dab7dbf93.jpg,https://comic.naver.com/webtoon/list?titleId=839568&tab=sun,승투 / 도나스 / 유진성
sun,9,판사 이한영,https://image-comic.pstatic.net/webtoon/759567/thumbnail/thumbnail_IMAG21_8358d797-8a23-4618-8b6f-27828a8643f6.jpg,https://comic.naver.com/webtoon/list?titleId=759567&tab=sun,문성호 / 전돌돌 / 이해날
sun,10,문스트럭,https://image-comic.pstatic.net/webtoon/833052/thumbnail/thumbnail_IMAG21_7baeb899-18c2-4472-bb0e-dd72cebc235d.jpg,https://comic.naver.com/webtoon/list?titleId=833052&tab=sun,젤리피쉬 / 영모
sun,11,소년교도소,https://image-comic.pstatic.net/webtoon/827335/thumbnail/thumbnail_IMAG21_976ffaf8-92e9-44b5-ab48-d399b7d06fac.jpg,https://comic.naver.com/webtoon/list?titleId=827335&tab=sun,청민 / 이수현
sun,12,고대동물기,https://image-comic.pstatic.net/webtoon/835910/thumbnail/thumbnail_IMAG21_91ef0b26-d478-4810-8106-d257e6cba6b8.jpg,https://comic.naver.com/webtoon/list?titleId=835910&tab=sun,고제형
sun,13,아카데미의 천재칼잡이,https://image-comic.pstatic.net/webtoon/813564/thumbnail/thumbnail_IMAG21_a11fb31e-2a52-438d-8b4e-a527c01ff49a.jpg,https://comic.naver.com/webtoon/list?titleId=813564&tab=sun,시치 / 서관도
sun,14,태존비록,https://image-comic.pstatic.net/webtoon/840687/thumbnail/thumbnail_IMAG21_66e183b5-1394-45ea-b55e-4fdf09d2af92.jpg,https://comic.naver.com/webtoon/list?titleId=840687&tab=sun,김꿀빨 / 레드훅 / 비가
sun,15,2회차 환관이 남성을 되찾음,https://image-comic.pstatic.net/webtoon/832566/thumbnail/thumbnail_IMAG21_0de88756-5f97-4504-b78c-fc5c8a70d4e1.jpg,https://comic.naver.com/webtoon/list?titleId=832566&tab=sun,LICO / 포스스튜디오 / 노빠꾸맨
